model,char_accuracy,word_accuracy,CER,WER,precision,recall,f1,avg_inference_time
EasyOCR,0.7822148236732673,0.444517539851869,0.2177851763267326,0.5571307165495499,0.2966347658852384,0.3248485344172425,0.3096662826328746,10.33288651181553
PaddleOCR,0.0028818443804034,0.0028818443804034,0.9971181556195964,0.9971181556195964,0.0028818443804034,0.0028818443804034,0.0028818443804034,9.256426509865125e-05
Tesseract,0.0028818443804034,0.0028818443804034,0.9971181556195964,0.9971181556195964,0.0028818443804034,0.0028818443804034,0.0028818443804034,0.0600919109510397
