model,char_accuracy,word_accuracy,CER,WER,precision,recall,f1,avg_inference_time
EasyOCR,0.7822148236732673,0.444517539851869,0.21778517632673267,0.5571307165495499,0.29663476588523846,0.3248485344172425,0.30966628263287466,10.33288651181553
PaddleOCR,0.002881844380403458,0.002881844380403458,0.9971181556195965,0.9971181556195965,0.002881844380403458,0.002881844380403458,0.002881844380403458,9.256426509865123e-05
Tesseract,0.002881844380403458,0.002881844380403458,0.9971181556195965,0.9971181556195965,0.002881844380403458,0.002881844380403458,0.002881844380403458,0.060091910951039725
